Tokyo,Tokyo,35.6897,139.6922,Japan,37977000
Jakarta,Jakarta,-6.2146,106.8451,Indonesia,34540000
Delhi,Delhi,28.66,77.23,India,29617000
Mumbai,Mumbai,18.9667,72.8333,India,23355000
Toronto,Toronto,43.7417,-79.3733,Canada,5429524
Manila,Manila,14.5958,120.9772,Philippines,23088000
Shanghai,Shanghai,31.1667,121.4667,China,22120000
São Paulo,Sao Paulo,-23.5504,-46.6339,Brazil,22046000
Mexico City,Mexico City,19.4333,-99.1333,Mexico,20996000
Guangzhou,Guangzhou,23.1288,113.259,China,20902000
Beijing,Beijing,39.905,116.3914,China,19433000
Cairo,Cairo,30.0561,31.2394,Egypt,19372000
New York,New York,40.6943,-73.9249,United States,18713220
Kolkāta,Kolkata,22.5411,88.3378,India,17560000
Moscow,Moscow,55.7558,37.6178,Russia,17125000
Bangkok,Bangkok,13.75,100.5167,Thailand,17066000
Buenos Aires,Buenos Aires,-34.5997,-58.3819,Argentina,16157000
Shenzhen,Shenzhen,22.535,114.054,China,15929000
Dhaka,Dhaka,23.7161,90.3961,Bangladesh,15443000
Lagos,Lagos,6.45,3.4,Nigeria,15279000
Istanbul,Istanbul,41.01,28.9603,Turkey,15154000
Ōsaka,Osaka,34.6936,135.5019,Japan,14977000
Karachi,Karachi,24.86,67.01,Pakistan,14835000
Bangalore,Bangalore,12.9699,77.598,India,13707000
Tehran,Tehran,35.7,51.4167,Iran,13633000
Kinshasa,Kinshasa,-4.3317,15.3139,Congo (Kinshasa),13528000
Ho Chi Minh City,Ho Chi Minh City,10.8167,106.6333,Vietnam,13312000
Los Angeles,Los Angeles,34.1139,-118.4068,United States,12750807
Rio de Janeiro,Rio de Janeiro,-22.9083,-43.1964,Brazil,12272000
Nanyang,Nanyang,32.9987,112.5292,China,12010000
Chennai,Chennai,13.0825,80.275,India,11324000
Chengdu,Chengdu,30.6636,104.0667,China,11309000
Lahore,Lahore,31.5497,74.3436,Pakistan,11021000
Paris,Paris,48.8566,2.3522,France,11020000
London,London,51.5072,-0.1275,United Kingdom,10979000
Linyi,Linyi,35.0606,118.3425,China,10820000
Tianjin,Tianjin,39.1467,117.2056,China,10800000
Shijiazhuang,Shijiazhuang,38.0422,114.5086,China,10784600
Baoding,Baoding,38.8671,115.4845,China,10700000
Zhoukou,Zhoukou,33.625,114.6418,China,9901000
Lima,Lima,-12.05,-77.0333,Peru,9848000
Hyderābād,Hyderabad,17.3667,78.4667,India,9746000
Bogotá,Bogota,4.6126,-74.0705,Colombia,9464000
Weifang,Weifang,36.7167,119.1,China,9373000
Nagoya,Nagoya,35.1167,136.9333,Japan,9113000
Wuhan,Wuhan,30.5872,114.2881,China,8962000
Heze,Heze,35.2333,115.4333,China,8750000
Ganzhou,Ganzhou,25.8292,114.9336,China,8677600
Tongshan,Tongshan,34.261,117.1859,China,8669000
Chicago,Chicago,41.8373,-87.6862,United States,8604203
Handan,Handan,36.6116,114.4894,China,8499000
Luanda,Luanda,-8.8383,13.2344,Angola,8417000
Fuyang,Fuyang,32.8986,115.8045,China,8360000
Kuala Lumpur,Kuala Lumpur,3.1478,101.6953,Malaysia,8285000
Jining,Jining,35.4,116.5667,China,8023000
Dongguan,Dongguan,23.0475,113.7493,China,7981000
Hanoi,Hanoi,21.0245,105.8412,Vietnam,7785000
Pune,Pune,18.5196,73.8553,India,7764000
Chongqing,Chongqing,29.55,106.5069,China,7739000
Changchun,Changchun,43.9,125.2,China,7674439
Zhumadian,Zhumadian,32.9773,114.0253,China,7640000
Ningbo,Ningbo,29.875,121.5492,China,7639000
Onitsha,Onitsha,6.1667,6.7833,Nigeria,7635000
Nanjing,Nanjing,32.05,118.7667,China,7496000
Hefei,Hefei,31.8639,117.2808,China,7457027
Ahmadābād,Ahmadabad,23.03,72.58,India,7410000
Hong Kong,Hong Kong,22.305,114.185,Hong Kong,7347000
Khartoum,Khartoum,15.6031,32.5265,Sudan,7282000
Nantong,Nantong,31.9829,120.8873,China,7282835
Yancheng,Yancheng,33.3936,120.1339,China,7260240
Foshan,Foshan,23.0292,113.1056,China,7194311
Nanning,Nanning,22.8192,108.315,China,7153300
Hengyang,Hengyang,26.8968,112.5857,China,7148344
Xi’an,Xi'an,34.2667,108.9,China,7135000
Shenyang,Shenyang,41.8039,123.4258,China,7105000
Tangshan,Tangshan,39.6292,118.1742,China,7100000
Shaoyang,Shaoyang,27.2418,111.4725,China,7071000
Changsha,Changsha,28.1987,112.9709,China,7044118
Santiago,Santiago,-33.45,-70.6667,Chile,7007000
Zhengzhou,Zhengzhou,34.7492,113.6605,China,7005000
Zhanjiang,Zhanjiang,21.1967,110.4031,China,6900000
Riyadh,Riyadh,24.65,46.71,Saudi Arabia,6881000
Cangzhou,Cangzhou,38.3037,116.8452,China,6800000
Dar es Salaam,Dar es Salaam,-6.8,39.2833,Tanzania,6698000
Maoming,Maoming,21.6618,110.9178,China,6706000
Huanggang,Huanggang,30.45,114.875,China,6667000
Xinyang,Xinyang,32.1264,114.0672,China,6634000
Shangrao,Shangrao,28.4419,117.9633,China,6579714
Luoyang,Luoyang,34.6587,112.4245,China,6549941
Bijie,Bijie,27.3019,105.2863,China,6537498
Yantai,Yantai,37.3997,121.2664,China,6516900
Quanzhou,Quanzhou,24.9139,118.5858,China,6480000
Hangzhou,Hangzhou,30.25,120.1675,China,6446000
Miami,Miami,25.7839,-80.2102,United States,6445545
Kunming,Kunming,25.0433,102.7061,China,6250000
Nanchong,Nanchong,30.7991,106.0784,China,6183000
Zunyi,Zunyi,27.705,106.9336,China,6127009
Lu’an,Lu'an,31.7542,116.5078,China,6090000
Yichun,Yichun,27.8041,114.383,China,6048700